{"root":[{"assemblyName":"Unity.Postprocessing.Runtime","nameSpace":"UnityEngine.Rendering.PostProcessing","className":"HologramCameraPostProcessSetup","methodName":"RegisterCallbacks","loadTypes":1,"isUnityClass":true},{"assemblyName":"LookingGlass","nameSpace":"LookingGlass","className":"HologramCamera","methodName":"AutoLoadVersion","loadTypes":1,"isUnityClass":false},{"assemblyName":"LookingGlass","nameSpace":"LookingGlass","className":"UnityLKGSystems","methodName":"RuntimeInitialize","loadTypes":1,"isUnityClass":false}]}
