{"root":[{"assemblyName":"Assembly-CSharp","nameSpace":"BlueprintReality.MixCast","className":"MixCastSdkInitializer","methodName":"Initialize","loadTypes":0,"isUnityClass":false},{"assemblyName":"Assembly-CSharp","nameSpace":"BlueprintReality.MixCast.Interprocess","className":"MixCastInteropPlugin","methodName":"Init","loadTypes":0,"isUnityClass":false},{"assemblyName":"Unity.XR.Management","nameSpace":"UnityEngine.XR.Management","className":"XRGeneralSettings","methodName":"AttemptInitializeXRSDKOnLoad","loadTypes":2,"isUnityClass":true},{"assemblyName":"Unity.XR.Management","nameSpace":"UnityEngine.XR.Management","className":"XRGeneralSettings","methodName":"AttemptStartXRSDKOnBeforeSplashScreen","loadTypes":3,"isUnityClass":true},{"assemblyName":"Unity.RenderPipelines.Universal.Runtime","nameSpace":"UnityEngine.Rendering.Universal","className":"XRSystem","methodName":"XRSystemInit","loadTypes":3,"isUnityClass":true},{"assemblyName":"Unity.RenderPipelines.Core.Runtime","nameSpace":"UnityEngine.Rendering","className":"DebugUpdater","methodName":"RuntimeInit","loadTypes":0,"isUnityClass":true},{"assemblyName":"TiltFive","nameSpace":"TiltFive","className":"TiltFiveManager","methodName":"RunOnStart","loadTypes":0,"isUnityClass":false},{"assemblyName":"TiltFive","nameSpace":"TiltFive","className":"TiltFiveManager2","methodName":"RunOnStart","loadTypes":0,"isUnityClass":false}]}
